NEIGHBORHOOD,POPULATION PER SQMI,SINGLE PARENTS,ASIAN POPULATION,LATINO POPULATION,WHITE POPULATION,CRIME PER CAPITA,CRIME TOTAL,DIVERSITY INDEX,MEDIAN INCOME,HOMEOWNERS,BLACK POPULATION,NDVI_SPRING,NDVI_SUMMER,TEMP_SPRING,TEMP_SUMMER
Acton,166.0,0.09,0.02,0.12,0.82,0.0,0.0,0.316,83983.0,0.88,0.01,0.20389668984644627,0.13630211857656224,30.096358683274644,49.03427743342516
Adams-Normandie,21848.0,0.24,0.05,0.62,0.06,30.3,56.0,0.545,29606.0,0.21,0.25,0.1108317007180701,0.0882819540590684,38.373948070607554,46.61407340414614
Adams-Normandie,21848.0,0.24,0.05,0.62,0.06,29606.0,,0.545,29606.0,0.21,0.25,0.1108317007180701,0.0882819540590684,38.373948070607554,46.61407340414614
Agoura Hills,2495.0,0.1,0.06,0.07,0.83,0.0,0.0,0.304,117608.0,0.84,0.01,0.25485848307046943,0.159426152982474,34.428408094223784,46.34587139624539
Agua Dulce,99.0,0.05,0.0,0.11,0.84,0.0,0.0,0.282,106078.0,0.87,0.0,0.21695378893245137,0.13362929305909957,29.22685408270545,48.845687276858165
Alhambra,11275.0,0.13,0.47,0.36,0.14,,,0.631,53224.0,0.39,0.01,0.1524111992429384,0.12415525766246185,37.584621511262675,47.221423479087456
Alondra Park,7548.0,0.2,0.15,0.35,0.26,13.9,12.0,0.748,57177.0,0.52,0.19,0.2368611475959789,0.17808363468886462,36.080845160116446,44.122707423580785
Altadena,4900.0,0.13,0.04,0.2,0.4,2.6,11.0,0.7020000000000001,82676.0,0.75,0.31,0.23906741974869375,0.20391484432879398,32.67278766669266,44.7742679170241
Angeles Crest,3.0,0.07,0.02,0.12,0.72,,,0.452,72841.0,0.88,0.1,inf,0.23650101654655983,24.018462901082973,42.581245856853016
Arcadia,4749.0,0.1,0.45,0.1,0.4,,,0.62,75808.0,0.62,0.01,0.2495552679979356,0.21353733207576633,34.988504783960025,45.46709460492129
Arleta,10034.0,0.12,0.11,0.72,0.13,14.4,47.0,0.455,65649.0,0.8,0.02,0.24933950909844532,0.12932230830581376,38.098683137638616,48.29674724735637
Arlington Heights,21423.0,0.24,0.13,0.57,0.05,28.7,67.0,0.6,31421.0,0.18,0.25,0.11462855001520773,0.0917327272078859,38.315850727960104,46.46781491312741
Arlington Heights,21423.0,0.24,0.13,0.57,0.05,31421.0,,0.6,31421.0,0.18,0.25,0.11462855001520773,0.0917327272078859,38.315850727960104,46.46781491312741
Artesia,10036.0,0.1,0.28,0.38,0.26,6.7,11.0,0.706,60538.0,0.57,0.03,0.13781502144420688,0.11018082314415344,38.472249796375486,46.0609791793932
Athens,6829.0,0.25,0.03,0.4,0.01,53.8,49.0,0.547,48824.0,0.56,0.54,0.19752335458431602,0.1295568156692217,36.662830188679244,46.022146226415096
Atwater Village,8379.0,0.14,0.2,0.51,0.22,5.2,8.0,0.645,53872.0,0.4,0.01,0.136542875808815,0.12113349935802577,36.30130571030641,45.933458550427986
Avalon,1159.0,0.2,0.02,0.46,0.5,0.0,0.0,0.5429999999999999,53200.0,0.27,0.0,0.0,0.0,0.0,0.0
Avocado Heights,5907.0,0.12,0.09,0.79,0.11,2.9,5.0,0.36200000000000004,64544.0,0.72,0.01,0.17973258539043516,0.14073017677356003,36.067197509388116,46.67008002453714
Azusa,4496.0,0.18,0.06,0.65,0.24,,,0.521,53299.0,0.5,0.03,0.26324494627569955,0.204658161699935,33.60825251436781,45.76183115133511
Baldwin Hills/Crenshaw,10446.0,0.32,0.05,0.17,0.03,41.1,132.0,0.457,37948.0,0.31,0.71,0.1776732617482843,0.13052599255645136,36.831805426311504,45.84515093735445
Baldwin Hills/Crenshaw,10446.0,0.32,0.05,0.17,0.03,37948.0,,0.457,37948.0,0.31,0.71,0.1776732617482843,0.13052599255645136,36.831805426311504,45.84515093735445
Baldwin Park,11176.0,0.16,0.12,0.79,0.07,,,0.36,56585.0,0.61,0.01,0.13508607711353413,0.11416419576746438,37.343332916770805,47.754848298225326
Bel-Air,1207.0,0.04,0.08,0.05,0.83,3.6,3.0,0.301,207938.0,0.86,0.01,0.31009414012537306,0.22342073127065123,30.572522516520998,41.5883773449158
Bell,14357.0,0.2,0.01,0.91,0.06,40556.0,,0.17300000000000001,40556.0,0.31,0.01,0.13658654793047026,0.08895489348082983,39.491160310277955,47.49887246510403
Bellflower,11756.0,0.2,0.1,0.43,0.31,6.9,50.0,0.6940000000000001,53325.0,0.4,0.12,0.13918514797687662,0.11092031953430934,38.88565854062104,46.33749517401136
Bell Gardens,17762.0,0.22,0.01,0.94,0.05,41532.0,,0.11900000000000001,41532.0,0.24,0.01,0.1341565220906085,0.10690324569100562,38.88410699769679,47.07212874474719
Beverly Crest,1318.0,0.06,0.04,0.03,0.88,2.6,3.0,0.23,169282.0,0.9,0.02,0.3778089611639726,0.27800977843052865,30.29412704630737,41.54894643519855
Beverly Grove,12990.0,0.07,0.05,0.06,0.82,52.1,119.0,0.319,63039.0,0.25,0.02,0.12533518483518621,0.11219702741511493,36.717564244127686,44.85104020277053
Beverly Hills,5933.0,0.09,0.08,0.05,0.82,,,0.32,96312.0,0.44,0.01,0.2022402101484052,0.17501307947707473,33.91150694034259,42.58279681039575
Beverlywood,7654.0,0.07,0.07,0.06,0.8,10.9,7.0,0.348,105253.0,0.7,0.04,0.20303489748111442,0.16729721195441632,36.20712164256199,44.17786027892562
Boyle Heights,14229.0,0.21,0.02,0.94,0.02,28.0,278.0,0.115,33235.0,0.24,0.01,0.11237548661929884,0.0856319822403388,38.23291616484264,47.15412170824208
Boyle Heights,14229.0,0.21,0.02,0.94,0.02,33235.0,,0.115,33235.0,0.24,0.01,0.11237548661929884,0.0856319822403388,38.23291616484264,47.15412170824208
Bradbury,658.0,0.04,0.19,0.12,0.66,0.0,0.0,0.513,123773.0,0.84,0.01,0.29517541874074155,0.2188499666083021,29.975388855001743,42.82610447891251
Brentwood,2059.0,0.06,0.07,0.05,0.84,5.7,19.0,0.28300000000000003,112927.0,0.52,0.01,0.291152747101823,0.21309311111874116,30.996112406664125,41.92155301926139
Broadway-Manchester,15060.0,0.28,0.0,0.59,0.01,105.4,272.0,0.502,29897.0,0.37,0.39,0.10938273666765419,0.08332269487352538,38.41932520238603,46.60404239454623
Broadway-Manchester,15060.0,0.28,0.0,0.59,0.01,29897.0,,0.502,29897.0,0.37,0.39,0.10938273666765419,0.08332269487352538,38.41932520238603,46.60404239454623
Burbank,5785.0,0.13,0.09,0.25,0.59,,,0.581,64416.0,0.44,0.02,0.1766422828761872,0.13999091066481995,35.43449990106846,46.31340860193433
Calabasas,1247.0,0.1,0.08,0.05,0.83,2.6,6.0,0.298,126178.0,0.8,0.01,0.27600450398044307,0.1683409782975205,31.949895148178257,45.62881229736862
Canoga Park,12240.0,0.18,0.11,0.51,0.31,21.3,129.0,0.632,51601.0,0.36,0.04,0.13650444730088107,0.11706351235274869,37.085520532155975,47.82703584407004
Carson,4676.0,0.11,0.24,0.35,0.12,3.1,28.0,0.741,70645.0,0.78,0.25,0.15817022602870062,0.11834728930666248,37.7683979582699,46.07330749121067
Carthay,9642.0,0.14,0.09,0.16,0.58,46.9,24.0,0.615,71398.0,0.35,0.13,0.16922230754557716,0.13330951470357114,36.131684478423104,44.42099286177807
Castaic,3076.0,0.08,0.06,0.32,0.47,11.3,19.0,0.654,108693.0,0.88,0.13,0.20358328174315898,0.13967397822727065,33.393029509100934,48.342925552922594
Castaic Canyons,40.0,0.11,0.04,0.17,0.74,20.6,16.0,0.43,93248.0,0.86,0.03,0.25395462034300503,0.17459828741681618,27.825235549358275,46.993367382311476
Central-Alameda,18760.0,0.26,0.01,0.85,0.01,42.6,186.0,0.267,31559.0,0.3,0.13,0.08887538146736926,0.07644543941691691,39.91003978062722,47.88228800351662
Central-Alameda,18760.0,0.26,0.01,0.85,0.01,31559.0,,0.267,31559.0,0.3,0.13,0.08887538146736926,0.07644543941691691,39.91003978062722,47.88228800351662
Century City,7869.0,0.05,0.09,0.04,0.83,1.9,9.0,0.309,95135.0,0.6,0.01,0.15546322002651647,0.1373566943610478,34.5617329943899,42.87907608695652
Cerritos,5851.0,0.06,0.58,0.11,0.21,2.9,15.0,0.599,98212.0,0.83,0.06,0.15389166560798112,0.1272001869978235,37.49629420111989,45.12848209482825
Charter Oak,9816.0,0.17,0.1,0.36,0.44,6.6,6.0,0.659,68092.0,0.63,0.05,0.14658462175611991,0.12432125199577256,37.2542834143637,47.52263519276698
Chatsworth,2301.0,0.1,0.14,0.14,0.66,13.2,49.0,0.527,84456.0,0.71,0.02,0.20275276177593,0.150484526081069,33.25279499977618,46.71974140151249
Chatsworth Reservoir,,,,,,,,,,,,0.302690644614331,0.15827626107866538,32.3887495376364,47.708228314628116
Chesterfield Square,9571.0,0.3,0.01,0.37,0.02,126.9,81.0,0.52,37737.0,0.51,0.59,0.11602669997897891,0.09535712358719876,38.273943638975965,46.77328239289446
Chesterfield Square,9571.0,0.3,0.01,0.37,0.02,37737.0,,0.52,37737.0,0.51,0.59,0.11602669997897891,0.09535712358719876,38.273943638975965,46.77328239289446
Cheviot Hills,4520.0,0.1,0.09,0.08,0.79,6.8,5.0,0.364,111813.0,0.64,0.01,0.2637086422062024,0.2227267027679543,34.64112486398259,42.63235854189336
Chinatown,10568.0,0.1,0.71,0.24,0.03,21.8,63.0,0.445,22754.0,0.09,0.02,0.09007305615040402,0.07290251550367913,37.63282096424702,46.88637030516432
Chinatown,10568.0,0.1,0.71,0.24,0.03,22754.0,,0.445,22754.0,0.09,0.02,0.09007305615040402,0.07290251550367913,37.63282096424702,46.88637030516432
Citrus,11827.0,0.15,0.07,0.65,0.23,1.7,2.0,0.519,66638.0,0.63,0.04,0.1678348480821878,0.13708103602996854,37.090755086983535,47.5174766718507
Claremont,2124.0,0.1,0.12,0.16,0.64,,,0.545,89804.0,0.68,0.05,0.24616907392901172,0.19245671181554347,31.437967433737416,45.1441135349631
Commerce,1912.0,0.18,0.01,0.93,0.04,,,0.125,46245.0,0.47,0.0,0.15206021164984093,0.0786618362842501,39.592109651598335,48.03841313597411
Compton,9199.0,0.22,0.01,0.57,0.01,12.7,120.0,0.519,43157.0,0.57,0.4,0.14727839048101204,0.10446052199736415,38.70935542583544,46.57358904199908
Compton,9199.0,0.22,0.01,0.57,0.01,43157.0,,0.519,43157.0,0.57,0.4,0.14727839048101204,0.10446052199736415,38.70935542583544,46.57358904199908
Covina,6701.0,0.18,0.1,0.4,0.42,,,0.653,66438.0,0.6,0.05,0.16259131016947748,0.13269922030414216,36.73945669952699,47.15935666014583
Cudahy,19697.0,0.24,0.01,0.94,0.04,39048.0,,0.11699999999999999,39048.0,0.17,0.0,0.11603041178385416,0.08546956380208333,39.5977,47.56891666666667
Culver City,7475.0,0.13,0.12,0.24,0.48,,,0.6809999999999999,70774.0,0.54,0.11,0.1517628722643064,0.12059478633427011,36.06901232405579,44.2188992739316
Cypress Park,13478.0,0.17,0.11,0.82,0.05,25.8,28.0,0.311,42615.0,0.42,0.01,0.10784434431234155,0.09899138058724648,37.506741209215164,46.90175471230159
Cypress Park,13478.0,0.17,0.11,0.82,0.05,42615.0,,0.311,42615.0,0.42,0.01,0.10784434431234155,0.09899138058724648,37.506741209215164,46.90175471230159
Del Aire,9132.0,0.15,0.09,0.46,0.34,4.4,4.0,0.657,66442.0,0.66,0.07,0.1432819926514558,0.10659734662394836,37.2914415621907,44.94886176179479
Del Rey,11420.0,0.13,0.14,0.44,0.34,10.6,35.0,0.6659999999999999,62259.0,0.45,0.04,0.15394984017485974,0.1436469869805749,35.79718128971204,43.28627737596323
Desert View Highlands,5160.0,0.11,0.07,0.28,0.51,8.7,2.0,0.645,80867.0,0.81,0.11,0.16477445302652882,0.13324819254444106,33.97727420897079,49.39086797248804
Diamond Bar,3754.0,0.08,0.43,0.19,0.31,1.4,8.0,0.687,92414.0,0.83,0.05,0.24166600519466194,0.15847542974760703,33.422338884866036,45.39254285974831
Downey,8566.0,0.16,0.07,0.58,0.29,,,0.5770000000000001,61839.0,0.52,0.04,0.16262312506827242,0.12794576885855316,38.55375430116336,46.28001694174227
Downtown,4770.0,0.14,0.21,0.37,0.16,40.8,847.0,0.743,15003.0,0.07,0.22,0.12486804672006241,0.09792502684065854,38.38752989384041,46.86508843701119
Downtown,4770.0,0.14,0.21,0.37,0.16,15003.0,,0.743,15003.0,0.07,0.22,0.12486804672006241,0.09792502684065854,38.38752989384041,46.86508843701119
Duarte,3212.0,0.13,0.13,0.43,0.32,5.1,11.0,0.687,68539.0,0.71,0.09,0.24269116697126292,0.19336069201774012,30.903047012856064,43.89903967413237
Eagle Rock,7644.0,0.13,0.24,0.4,0.3,7.3,25.0,0.69,67253.0,0.56,0.02,0.1970139160736938,0.14953535856172698,34.75100095139935,45.95009320958274
East Compton,16542.0,0.2,0.01,0.73,0.01,8.7,12.0,0.41600000000000004,44439.0,0.56,0.23,0.1573137849602794,0.1169356585709355,39.05714152002995,46.393269140771245
East Compton,16542.0,0.2,0.01,0.73,0.01,44439.0,,0.41600000000000004,44439.0,0.56,0.23,0.1573137849602794,0.1169356585709355,39.05714152002995,46.393269140771245
East Hollywood,31095.0,0.2,0.16,0.6,0.18,29.3,229.0,0.578,29927.0,0.09,0.02,0.09385489441577245,0.08211985333796724,38.27576037521319,47.12350682593857
East Hollywood,31095.0,0.2,0.16,0.6,0.18,29927.0,,0.578,29927.0,0.09,0.02,0.09385489441577245,0.08211985333796724,38.27576037521319,47.12350682593857
East La Mirada,8506.0,0.1,0.04,0.38,0.54,1.1,1.0,0.561,69930.0,0.65,0.01,0.16474554204041642,0.13875328870063697,37.57103739524094,46.54453195151152
East Los Angeles,16863.0,0.19,0.01,0.97,0.02,38621.0,,0.065,38621.0,0.37,0.0,0.12696478090367855,0.09704420949816812,38.51632190970326,47.46292319641797
East Pasadena,4622.0,0.05,0.2,0.36,0.37,11.6,7.0,0.6920000000000001,73690.0,0.71,0.02,0.2033769816823138,0.17612708029047425,35.10313827793052,45.678306985753565
East San Gabriel,10157.0,0.11,0.41,0.27,0.28,2.7,6.0,0.6829999999999999,64365.0,0.54,0.02,0.18081826226624742,0.1575619586979474,37.49680030982591,47.23241294082928
Echo Park,16868.0,0.21,0.19,0.64,0.13,19.8,87.0,0.5379999999999999,37708.0,0.24,0.02,0.1814220885380397,0.13851365113324773,35.56606241295265,45.298067548746516
Echo Park,16868.0,0.21,0.19,0.64,0.13,37708.0,,0.5379999999999999,37708.0,0.24,0.02,0.1814220885380397,0.13851365113324773,35.56606241295265,45.298067548746516
Elizabeth Lake,219.0,0.11,0.01,0.16,0.76,0.0,0.0,0.39,75951.0,0.77,0.04,0.33940457643540023,0.16765788410966026,28.602749945986822,47.72688281007952
El Monte,11995.0,0.18,0.19,0.73,0.07,44415.0,,0.435,44415.0,0.41,0.01,0.1328059073822543,0.11551619872020787,37.964971805827965,47.69691614504641
El Segundo,2925.0,0.13,0.07,0.1,0.78,,,0.38,83925.0,0.42,0.01,0.15952822296047509,0.12409740222205996,36.1347429906542,43.362647975077884
El Sereno,9826.0,0.18,0.11,0.81,0.05,12.6,55.0,0.325,45866.0,0.48,0.02,0.18992524432374042,0.13073709569707423,35.84701104679602,46.98108646770237
El Sereno,9826.0,0.18,0.11,0.81,0.05,45866.0,,0.325,45866.0,0.48,0.02,0.18992524432374042,0.13073709569707423,35.84701104679602,46.98108646770237
Elysian Park,1538.0,0.18,0.43,0.48,0.03,15.0,4.0,0.5820000000000001,28263.0,0.18,0.02,0.24366973282454849,0.1562539509364537,33.08731990665584,44.74291704730004
Elysian Park,1538.0,0.18,0.43,0.48,0.03,28263.0,,0.5820000000000001,28263.0,0.18,0.02,0.24366973282454849,0.1562539509364537,33.08731990665584,44.74291704730004
Elysian Valley,9354.0,0.14,0.26,0.61,0.1,9.0,7.0,0.552,49013.0,0.48,0.01,0.11971864482867213,0.1205078274108688,36.00241118688925,45.48956000610749
Encino,4411.0,0.09,0.05,0.09,0.8,8.5,38.0,0.34600000000000003,78529.0,0.62,0.02,0.3055581325564997,0.24583167953030685,35.36830132581201,44.60985148158803
Exposition Park,16819.0,0.27,0.02,0.56,0.02,47.5,159.0,0.539,33999.0,0.31,0.38,0.12962269652831498,0.10177490101061953,38.24411858390972,46.49873441481616
Exposition Park,16819.0,0.27,0.02,0.56,0.02,33999.0,,0.539,33999.0,0.31,0.38,0.12962269652831498,0.10177490101061953,38.24411858390972,46.49873441481616
Fairfax,10122.0,0.06,0.05,0.06,0.85,63.6,85.0,0.27699999999999997,65938.0,0.29,0.02,0.14061932038562297,0.11899254106013463,36.940467308735755,45.36063822571894
Florence,15661.0,0.28,0.0,0.7,0.0,77.5,361.0,0.434,29447.0,0.35,0.28,0.09115254403089247,0.0767310420169106,39.56828900925024,47.28228203943315
Florence,15661.0,0.28,0.0,0.7,0.0,29447.0,,0.434,29447.0,0.35,0.28,0.09115254403089247,0.0767310420169106,39.56828900925024,47.28228203943315
Florence-Firestone,16805.0,0.23,0.0,0.86,0.01,14.0,84.0,0.243,34408.0,0.38,0.13,0.10345013954305438,0.08522910400643287,39.65899308495625,47.30668878223226
Florence-Firestone,16805.0,0.23,0.0,0.86,0.01,34408.0,,0.243,34408.0,0.38,0.13,0.10345013954305438,0.08522910400643287,39.65899308495625,47.30668878223226
Gardena,9894.0,0.16,0.27,0.32,0.12,,,0.748,52897.0,0.47,0.25,0.10992961422652336,0.08689655480400937,38.59883636257719,46.781526871065516
Glassell Park,8524.0,0.17,0.17,0.66,0.14,17.3,43.0,0.513,50098.0,0.44,0.01,0.18596814945792364,0.14701506523693555,35.77475570526827,46.00257842060295
Glendale,6368.0,0.09,0.16,0.2,0.54,,,0.635,57112.0,0.38,0.01,0.2116423757002801,0.1695107449229692,32.487918767507004,44.83286603487916
Glendora,2568.0,0.11,0.07,0.22,0.67,,,0.495,81336.0,0.74,0.01,0.24050246375555243,0.17987224394609092,31.51144942676054,44.28809942034077
Gramercy Park,8859.0,0.22,0.0,0.12,0.01,85.0,95.0,0.24100000000000002,57983.0,0.7,0.86,0.16305756039716818,0.11756787239429195,37.86092408996745,46.80624815034034
Granada Hills,3344.0,0.09,0.16,0.21,0.56,7.2,39.0,0.62,83911.0,0.74,0.03,0.2952697853727512,0.22149712550256678,33.900119821006726,47.15123416050687
Green Meadows,12785.0,0.28,0.0,0.54,0.01,95.9,293.0,0.512,31347.0,0.48,0.44,0.13558493933543098,0.10213005711885012,38.49220776125095,46.61029271548436
Green Meadows,12785.0,0.28,0.0,0.54,0.01,31347.0,,0.512,31347.0,0.48,0.44,0.13558493933543098,0.10213005711885012,38.49220776125095,46.61029271548436
Green Valley,290.0,0.07,0.03,0.12,0.75,0.0,0.0,0.42,78712.0,0.86,0.06,0.23878931116174767,0.1888089749057597,26.682952755272634,46.08517754543025
Griffith Park,,,,,,,,,,,,0.2865650317236773,0.20269719030848918,30.730228962192925,43.18969814556447
Hacienda Heights,4503.0,0.08,0.36,0.38,0.23,1.1,6.0,0.674,80762.0,0.8,0.01,0.23760543850907992,0.16837565338374536,33.93743344749187,45.19618620868513
Hancock Park,6459.0,0.1,0.13,0.09,0.71,21.6,23.0,0.473,85277.0,0.47,0.04,0.20791977243429807,0.17945213089446108,34.86483283433134,43.144675925925924
Hansen Dam,,,,,,,,,,,,0.382609091127175,0.2731319285626706,31.001756546400546,44.09182330022264
Harbor City,9127.0,0.19,0.14,0.48,0.25,20.0,52.0,0.674,55454.0,0.46,0.11,0.23425454630290835,0.19111202599568294,36.18623003765256,44.5351207478577
Harbor Gateway,7720.0,0.19,0.16,0.53,0.12,30.7,129.0,0.648,47849.0,0.4,0.16,0.1162277506276901,0.09295468015062525,38.06354343289422,46.12493054193633
Harvard Heights,23473.0,0.23,0.13,0.66,0.03,36.2,73.0,0.517,31173.0,0.16,0.16,0.10025301612173902,0.08147424940424323,38.65031553654415,46.93715673848754
Harvard Heights,23473.0,0.23,0.13,0.66,0.03,31173.0,,0.517,31173.0,0.16,0.16,0.10025301612173902,0.08147424940424323,38.65031553654415,46.93715673848754
Harvard Park,16072.0,0.24,0.01,0.48,0.01,109.3,119.0,0.5329999999999999,37013.0,0.51,0.48,0.12720260855834836,0.10331099065275812,38.555138066426366,47.06660014865564
Harvard Park,16072.0,0.24,0.01,0.48,0.01,37013.0,,0.5329999999999999,37013.0,0.51,0.48,0.12720260855834836,0.10331099065275812,38.555138066426366,47.06660014865564
Hasley Canyon,136.0,0.1,0.04,0.27,0.61,0.0,0.0,0.547,106489.0,0.9,0.05,0.2665942090254912,0.15436155394783008,32.0657117024722,49.032737540392745
Hawaiian Gardens,15141.0,0.2,0.09,0.74,0.11,5.4,8.0,0.436,46853.0,0.45,0.05,0.11582774624283353,0.10184411584313274,38.61500878808169,45.772106210244395
Hawthorne,13848.0,0.27,0.08,0.44,0.13,43602.0,,0.6759999999999999,43602.0,0.26,0.32,0.10877872457330201,0.08721600189399069,38.115162757948326,45.85105171852976
Hermosa Beach,12481.0,0.08,0.05,0.07,0.85,,,0.272,109509.0,0.43,0.01,0.10385764854541724,0.09955889936806499,35.57463626585145,41.68417402626812
Hidden Hills,1100.0,0.05,0.03,0.06,0.89,0.0,0.0,0.207,203199.0,0.97,0.0,0.2800241049156996,0.21794512777056224,33.02656765876869,45.09754624684405
Highland Park,16835.0,0.21,0.11,0.72,0.11,13.1,80.0,0.449,45478.0,0.39,0.02,0.16263388526005565,0.13383166733912794,36.504631211559115,46.91936871522015
Highland Park,16835.0,0.21,0.11,0.72,0.11,45478.0,,0.449,45478.0,0.39,0.02,0.16263388526005565,0.13383166733912794,36.504631211559115,46.91936871522015
Historic South-Central,19474.0,0.25,0.01,0.87,0.01,46.7,245.0,0.22899999999999998,30882.0,0.2,0.1,0.08313828140505095,0.06925623162646367,39.684076475258,47.74600708366747
Historic South-Central,19474.0,0.25,0.01,0.87,0.01,30882.0,,0.22899999999999998,30882.0,0.2,0.1,0.08313828140505095,0.06925623162646367,39.684076475258,47.74600708366747
Hollywood,22193.0,0.18,0.07,0.42,0.41,49.1,420.0,0.644,33694.0,0.08,0.05,0.10161759650468341,0.09368424937713295,37.392759463646044,46.112350542162844
Hollywood,22193.0,0.18,0.07,0.42,0.41,33694.0,,0.644,33694.0,0.08,0.05,0.10161759650468341,0.09368424937713295,37.392759463646044,46.112350542162844
Hollywood Hills,3063.0,0.07,0.07,0.09,0.74,14.8,34.0,0.433,69277.0,0.44,0.05,0.30902005536732374,0.23134535368199496,31.37801674155675,43.02105679567087
Hollywood Hills West,3048.0,0.06,0.04,0.06,0.85,18.1,29.0,0.273,108199.0,0.64,0.03,0.2531607361580819,0.1895506457574575,31.816146375303504,42.76307232049948
Huntington Park,20223.0,0.2,0.01,0.95,0.03,39185.0,,0.094,39185.0,0.27,0.01,0.09795989553981334,0.0796727922320864,40.21555077523642,47.85045138888889
Hyde Park,12700.0,0.29,0.01,0.27,0.02,47.6,185.0,0.488,39460.0,0.47,0.66,0.14166044129017752,0.10866064304607072,37.95011991109031,46.43744150678521
Hyde Park,12700.0,0.29,0.01,0.27,0.02,39460.0,,0.488,39460.0,0.47,0.66,0.14166044129017752,0.10866064304607072,37.95011991109031,46.43744150678521
Industry,82.0,0.0,0.09,0.62,0.24,,,0.546,66616.0,0.4,0.02,0.1335552638133759,0.10446529201664731,37.311568001266856,47.371345097308875
Inglewood,12330.0,0.27,0.01,0.46,0.04,,,0.5710000000000001,46574.0,0.36,0.46,0.14690467292574938,0.11387681900388724,37.33831908165556,45.922844472719106
Irwindale,154.0,0.15,0.01,0.88,0.08,,,0.212,60959.0,0.69,0.0,0.5055496255694258,0.40735081402509005,32.88001227134685,45.7428728267521
Jefferson Park,16300.0,0.27,0.03,0.45,0.03,35.0,85.0,0.5770000000000001,32654.0,0.31,0.47,0.1370463447967789,0.104885848378278,38.10185814806055,46.32298811494797
Jefferson Park,16300.0,0.27,0.03,0.45,0.03,32654.0,,0.5770000000000001,32654.0,0.31,0.47,0.1370463447967789,0.104885848378278,38.10185814806055,46.32298811494797
Koreatown,42611.0,0.2,0.32,0.54,0.07,28.2,350.0,0.602,30558.0,0.07,0.05,0.1001437558885115,0.09037546055260436,38.244613419832014,46.73779302996114
Koreatown,42611.0,0.2,0.32,0.54,0.07,30558.0,,0.602,30558.0,0.07,0.05,0.1001437558885115,0.09037546055260436,38.244613419832014,46.73779302996114
La CaÃ±ada Flintridge,,,,,,,,,,,,0.2577560856497945,0.218529185281087,31.02726904536115,43.84810139086455
La Crescenta-Montrose,5401.0,0.09,0.2,0.1,0.66,0.0,0.0,0.514,82693.0,0.65,0.01,0.2009030877519518,0.1795642069464733,32.55860564175587,45.69454169123428
Ladera Heights,2214.0,0.1,0.03,0.03,0.19,4.6,3.0,0.456,117925.0,0.77,0.71,0.21050482059139178,0.1423177533811215,34.195443120198824,44.33534794396746
La Habra Heights,979.0,0.04,0.19,0.12,0.64,0.0,0.0,0.539,137034.0,0.94,0.02,0.31448440318238957,0.22384151163505683,31.322556843025797,43.126817337122866
Lake Balboa,7754.0,0.14,0.09,0.34,0.49,17.9,47.0,0.632,65336.0,0.66,0.04,0.18035981390211317,0.14824724197387695,38.82385932074653,47.36766714004806
Lake Hughes,61.0,0.1,0.01,0.16,0.76,0.0,0.0,0.389,74918.0,0.77,0.04,0.23422419842879494,0.15415743168231313,28.44628870921062,47.61643324127825
Lake Los Angeles,1601.0,0.17,0.02,0.36,0.47,0.0,0.0,0.639,52146.0,0.78,0.09,0.20072869747327413,0.14122189569802215,33.04283783453202,48.78132918074324
Lake View Terrace,2790.0,0.12,0.05,0.53,0.22,10.2,13.0,0.636,67985.0,0.75,0.17,0.22152815592229758,0.14185222868455807,33.06420750216826,47.30934784374239
Lakewood,8348.0,0.11,0.14,0.23,0.52,2.6,21.0,0.649,78764.0,0.72,0.07,0.1720249902336794,0.13589899468111155,38.198562931832754,45.26731782890519
La Mirada,5966.0,0.07,0.15,0.34,0.47,2.8,13.0,0.644,83514.0,0.82,0.02,0.16682250525138678,0.13612027885033717,37.63871818577333,46.21515841102912
Lancaster,1180.0,0.22,0.04,0.24,0.53,8.4,101.0,0.638,56069.0,0.61,0.15,0.2312499737112188,0.14208083327024026,32.18365973484084,47.81896551724138
La Puente,11761.0,0.15,0.07,0.83,0.07,3.2,13.0,0.306,55902.0,0.61,0.02,0.16996009322160055,0.13671485793645646,37.82129633996793,47.94848689282961
Larchmont,17747.0,0.14,0.3,0.37,0.25,23.9,22.0,0.708,47780.0,0.27,0.03,0.13350597425498265,0.11379191838330971,37.420354286560595,45.85347198713609
La Verne,3863.0,0.1,0.07,0.23,0.64,,,0.53,83352.0,0.78,0.03,0.24431870154463828,0.16371996339271588,33.62001107551125,45.70332557766367
Lawndale,16119.0,0.21,0.11,0.52,0.22,7.9,25.0,0.6509999999999999,53150.0,0.33,0.12,0.11495668587017385,0.09084889278476962,37.951653156996585,45.28030076791809
Leimert Park,9880.0,0.28,0.05,0.11,0.01,69.9,86.0,0.35100000000000003,45865.0,0.46,0.8,0.14577055366179364,0.11668330362280802,38.09315258644926,46.33058054540343
Leimert Park,9880.0,0.28,0.05,0.11,0.01,45865.0,,0.35100000000000003,45865.0,0.46,0.8,0.14577055366179364,0.11668330362280802,38.09315258644926,46.33058054540343
Lennox,21557.0,0.22,0.01,0.89,0.04,10.5,24.0,0.19699999999999998,37937.0,0.29,0.04,0.11963507897496552,0.09057795822419457,37.473572057922155,45.737473184186335
Lennox,21557.0,0.22,0.01,0.89,0.04,37937.0,,0.19699999999999998,37937.0,0.29,0.04,0.11963507897496552,0.09057795822419457,37.473572057922155,45.737473184186335
Leona Valley,90.0,0.07,0.06,0.07,0.8,0.0,0.0,0.353,117526.0,0.9,0.01,0.24766659250194684,0.16658738501571366,29.239634553342974,47.84978458628558
Lincoln Heights,10602.0,0.2,0.25,0.71,0.03,21.3,63.0,0.436,30579.0,0.24,0.0,0.11326639573874933,0.09646384764071614,36.9927384345175,47.08171822742475
Lincoln Heights,10602.0,0.2,0.25,0.71,0.03,30579.0,,0.436,30579.0,0.24,0.0,0.11326639573874933,0.09646384764071614,36.9927384345175,47.08171822742475
Littlerock,766.0,0.12,0.01,0.35,0.53,14.4,2.0,0.5920000000000001,60781.0,0.79,0.1,0.25697822860274383,0.1476447320571326,31.409361697205256,49.11153852261179
Lomita,10424.0,0.18,0.12,0.26,0.54,3.5,7.0,0.626,59059.0,0.47,0.04,0.14406936975784632,0.11745511405911796,37.23715097402597,45.45051406926407
Long Beach,8882.0,0.22,0.13,0.36,0.33,,,0.723,50985.0,0.41,0.14,0.2452517776394259,0.20379811709482928,36.760252965463,42.980317618451494
Lopez/Kagel Canyons,195.0,0.08,0.02,0.27,0.62,,,0.5429999999999999,61398.0,0.74,0.09,0.2777986258772541,0.1619167267600274,30.546912762595277,46.63295774647887
Los Feliz,13512.0,0.1,0.14,0.19,0.58,11.4,42.0,0.61,50793.0,0.25,0.04,0.181128550249846,0.15309871475205875,35.36555732071067,44.776552976267666
Lynwood,14264.0,0.19,0.01,0.82,0.03,11.6,81.0,0.309,48518.0,0.47,0.13,0.15143406774419105,0.1069076837483864,38.72424698795181,46.345566460055096
Malibu,629.0,0.08,0.02,0.06,0.89,3.2,4.0,0.207,138215.0,0.72,0.01,0.29426128756045433,0.19126000343780866,30.308598140390313,40.370253056775994
Manchester Square,11449.0,0.26,0.0,0.19,0.01,83.4,101.0,0.34600000000000003,46093.0,0.57,0.79,0.14281320099783415,0.10264367836930177,37.87739273927393,46.700175330033005
Manhattan Beach,8573.0,0.07,0.06,0.05,0.86,,,0.262,136481.0,0.65,0.01,0.14214416921955264,0.13460074646832193,35.558960295376714,41.99468910530822
Marina del Rey,5706.0,0.11,0.08,0.05,0.78,9.6,8.0,0.377,92763.0,0.08,0.05,0.9714578328757721,1.0044788717541753,30.47569921070693,37.96794211850835
Mar Vista,12259.0,0.11,0.13,0.29,0.51,10.1,38.0,0.634,62611.0,0.39,0.04,0.1709943012677161,0.14356699663467123,36.27706058317844,43.601359200743495
Mayflower Village,9585.0,0.11,0.1,0.48,0.3,2.6,3.0,0.6579999999999999,67592.0,0.76,0.09,0.18990628662429518,0.1577255365075072,36.83970954628901,46.86009621688959
Maywood,23638.0,0.19,0.0,0.96,0.03,41203.0,,0.069,41203.0,0.3,0.0,0.10880584123729005,0.08535024419484835,40.316985355358135,47.890833797327396
Mid-City,15051.0,0.23,0.04,0.45,0.1,27.8,153.0,0.637,43711.0,0.31,0.38,0.13156742321739315,0.10717642715786847,37.345115970599686,45.81483949084891
Mid-City,15051.0,0.23,0.04,0.45,0.1,43711.0,,0.637,43711.0,0.31,0.38,0.13156742321739315,0.10717642715786847,37.345115970599686,45.81483949084891
Mid-Wilshire,14988.0,0.16,0.2,0.2,0.34,24.4,115.0,0.755,58483.0,0.22,0.23,0.15462030054499637,0.12698439124836805,36.4725756011659,44.76554150473646
Mission Hills,5721.0,0.1,0.11,0.54,0.29,14.4,28.0,0.615,75675.0,0.78,0.04,0.257499322047231,0.13944097618988474,36.50476285108638,47.45418168327327
Monrovia,2643.0,0.18,0.07,0.35,0.46,,,0.65,61504.0,0.48,0.08,0.26083610792609196,0.2166748523991719,30.122822820988862,42.74653914764674
Montebello,7329.0,0.17,0.11,0.75,0.11,,,0.41700000000000004,52623.0,0.48,0.01,0.17182502569324828,0.11813177968462085,37.19988032767185,46.898625447217995
Montecito Heights,6959.0,0.14,0.17,0.66,0.12,9.9,18.0,0.524,55901.0,0.51,0.03,0.2426761672298168,0.16174855099820423,33.0696551931537,45.25973071899917
Monterey Park,7823.0,0.11,0.61,0.29,0.07,,,0.537,55210.0,0.54,0.0,0.17091398357709814,0.12177631384949489,37.065308614564834,47.029439595671725
Mount Washington,6878.0,0.15,0.13,0.61,0.21,10.3,14.0,0.565,57725.0,0.55,0.03,0.252931801271645,0.17732102255112508,33.43163780663781,45.094899891774894
Northeast Antelope Valley,10.0,0.12,0.02,0.25,0.62,0.0,0.0,0.5479999999999999,52234.0,0.74,0.08,0.19837023648759922,0.12739965833752886,32.826091116266014,46.733577901000814
North El Monte,8677.0,0.11,0.26,0.31,0.4,2.7,1.0,0.6779999999999999,56577.0,0.65,0.01,0.18242715247591634,0.15428136380991542,37.90792117011278,47.18835761278196
North Hills,10003.0,0.18,0.12,0.57,0.24,15.7,92.0,0.604,52456.0,0.49,0.05,0.16551164720879227,0.13003858191068055,38.41603163422131,47.82240487316422
North Hollywood,13264.0,0.2,0.06,0.58,0.27,20.4,178.0,0.586,42791.0,0.25,0.06,0.1287225702662185,0.10446229735959461,37.86349677662911,47.926329770561686
North Hollywood,13264.0,0.2,0.06,0.58,0.27,42791.0,,0.586,42791.0,0.25,0.06,0.1287225702662185,0.10446229735959461,37.86349677662911,47.926329770561686
Northridge,6080.0,0.12,0.15,0.26,0.5,15.8,98.0,0.6609999999999999,67906.0,0.54,0.05,0.17478869799590668,0.14805645808995327,37.118651742374844,46.930181794786954
Northwest Antelope Valley,16.0,0.06,0.03,0.14,0.78,0.0,0.0,0.37200000000000005,58899.0,0.81,0.02,0.279040629839604,0.1516267763064304,30.874835514085166,47.70778984525588
Northwest Palmdale,540.0,0.07,0.04,0.12,0.75,0.0,0.0,0.42100000000000004,103013.0,0.88,0.02,0.19945615848898185,0.14284300865948327,32.79908820410087,49.311499946305844
North Whittier,797.0,0.09,0.16,0.57,0.24,2.3,1.0,0.588,93841.0,0.85,0.01,0.30406178331213385,0.19422647697926304,30.92467622571693,42.699607654611995
Norwalk,10572.0,0.13,0.12,0.63,0.19,7.8,80.0,0.5539999999999999,62412.0,0.66,0.04,0.1468943749945413,0.11364522627973903,38.19100230575741,46.42073545419432
Pacific Palisades,1048.0,0.07,0.06,0.03,0.89,3.1,8.0,0.21,168008.0,0.83,0.0,0.2967417590157776,0.21591377195247935,29.47808978211871,40.61070999248685
Pacoima,10510.0,0.18,0.02,0.86,0.05,18.9,154.0,0.259,49066.0,0.57,0.07,0.16544602164548528,0.09915091262970632,37.6797979437384,48.40849394343787
Palmdale,874.0,0.19,0.04,0.38,0.41,4.5,53.0,0.67,63317.0,0.71,0.14,0.2238561041474122,0.14382914388221402,32.058348736906964,47.3650528270264
Palms,21870.0,0.15,0.2,0.23,0.38,11.2,51.0,0.7390000000000001,50684.0,0.13,0.12,0.12072876893757471,0.10689292449117359,37.20094240949454,45.18550418374317
Palos Verdes Estates,2822.0,0.03,0.17,0.03,0.76,,,0.39799999999999996,167344.0,0.91,0.01,0.26282156210993224,0.2862019624587643,30.576165745363767,39.502121968616265
Panorama City,18028.0,0.2,0.12,0.7,0.12,23.7,165.0,0.479,44468.0,0.36,0.04,0.12379237139378532,0.10517918786337209,39.36349369962012,48.523383764500565
Panorama City,18028.0,0.2,0.12,0.7,0.12,44468.0,,0.479,44468.0,0.36,0.04,0.12379237139378532,0.10517918786337209,39.36349369962012,48.523383764500565
Paramount,11395.0,0.22,0.04,0.73,0.09,5.6,31.0,0.445,49815.0,0.43,0.12,0.13415058626356427,0.09824492338304727,38.45431622148025,46.28173739729843
Pasadena,5366.0,0.13,0.1,0.33,0.39,,,0.706,62825.0,0.46,0.14,0.2234673795419444,0.18347425300086706,33.39405855416464,44.9376745289413
Pico Rivera,7187.0,0.13,0.03,0.88,0.08,1.9,12.0,0.221,56683.0,0.7,0.01,0.3053899069781179,0.12614172448513386,37.158274023068316,47.16388154203735
Pico-Robertson,17468.0,0.12,0.06,0.07,0.74,13.0,25.0,0.442,63356.0,0.27,0.06,0.13047264429145794,0.11656330681332498,37.0095842278944,45.163982983460556
Pico-Union,25352.0,0.23,0.08,0.85,0.03,32.2,144.0,0.264,26424.0,0.1,0.03,0.09453996825878083,0.07325896421111926,38.5355777426795,47.28765856899318
Pico-Union,25352.0,0.23,0.08,0.85,0.03,26424.0,,0.264,26424.0,0.1,0.03,0.09453996825878083,0.07325896421111926,38.5355777426795,47.28765856899318
Playa del Rey,3542.0,0.08,0.08,0.1,0.73,14.1,16.0,0.451,91339.0,0.47,0.04,0.24653947810818888,0.28201697806149134,32.45612671846982,40.90773311416617
Playa Vista,1859.0,0.06,0.21,0.35,0.32,13.3,8.0,0.722,68597.0,0.55,0.05,0.1803721135779272,0.16671289371538767,34.889117879746834,42.36973496835443
Pomona,6556.0,0.18,0.07,0.64,0.17,,,0.5429999999999999,54242.0,0.57,0.09,0.17300246800312585,0.13386527474499715,36.14556100625168,47.60192301756336
Porter Ranch,4462.0,0.04,0.27,0.08,0.61,2.0,6.0,0.551,121428.0,0.92,0.02,0.2127312928418201,0.16704684118377736,33.448050661464364,46.173257167360944
Quartz Hill,2475.0,0.13,0.02,0.15,0.74,2.1,2.0,0.43,77498.0,0.78,0.06,0.18944524668001922,0.14681229642944937,33.56508950120676,48.762150903939556
Ramona,1122.0,0.08,0.35,0.26,0.32,0.0,0.0,0.7020000000000001,86325.0,0.74,0.03,0.28528704279119316,0.19245261452414772,31.15203409090909,44.67633847343522
Rancho Dominguez,947.0,0.11,0.08,0.16,0.43,23.8,6.0,0.701,72097.0,0.87,0.28,0.1094187423775659,0.07667437097594874,39.41387639381652,46.81028137482283
Rancho Palos Verdes,3084.0,0.05,0.25,0.06,0.63,1.2,5.0,0.537,128321.0,0.82,0.02,0.26110528510314845,0.1980252295045795,32.590474784531494,41.84665929592683
Rancho Park,7169.0,0.1,0.18,0.16,0.58,21.9,10.0,0.598,69724.0,0.54,0.04,0.168840554096727,0.1382583601739101,35.85015389531755,43.98328175457481
Redondo Beach,10129.0,0.11,0.1,0.13,0.7,,,0.474,92263.0,0.5,0.02,0.1482582035019703,0.1489205455514154,36.05774514797341,42.59951345700193
Reseda,10600.0,0.15,0.11,0.44,0.37,17.6,117.0,0.6559999999999999,54771.0,0.52,0.04,0.1699702986451406,0.14427964643674893,38.79599448722436,47.37908868223422
Ridge Route,7.0,0.13,0.05,0.2,0.7,,,0.462,92822.0,0.79,0.01,0.3492978414877917,0.2767489203592609,28.179209119517324,44.99884397492041
Rolling Hills,893.0,0.03,0.14,0.05,0.76,0.0,0.0,0.396,184777.0,0.91,0.02,0.31090352408592803,0.2356118636798618,31.202846372887684,41.62492997852675
Rolling Hills Estates,2185.0,0.05,0.2,0.06,0.7,1.2,1.0,0.469,145628.0,0.91,0.01,0.3044119423754498,0.2131800922814749,33.565447759595614,42.8625993778085
Rosemead,10332.0,0.12,0.49,0.41,0.08,8.8,47.0,0.589,49387.0,0.49,0.01,0.14316037244528812,0.11807431986130984,38.10484683922997,47.639362013938644
Rowland Heights,3604.0,0.09,0.52,0.27,0.16,3.6,17.0,0.632,72638.0,0.67,0.02,0.25374404680853824,0.15681362063054388,32.76199878099388,45.388345473465144
San Dimas,2244.0,0.1,0.09,0.24,0.61,4.0,14.0,0.565,84953.0,0.74,0.03,0.35396788001908147,0.2596135354828539,31.492152673581664,44.857351437769175
San Fernando,9856.0,0.15,0.01,0.9,0.08,,,0.192,54068.0,0.54,0.01,0.15048838383009452,0.11728572898886117,37.59236694677871,48.37702873734366
San Gabriel,9433.0,0.13,0.49,0.3,0.17,,,0.637,56687.0,0.48,0.01,0.16827202132461497,0.14356754623533638,37.43130286888516,47.05125060076898
San Marino,3428.0,0.05,0.47,0.05,0.44,,,0.584,158855.0,0.92,0.01,0.25340579764419646,0.21800571184116652,33.40919858646214,43.86626293141889
San Pasqual,8036.0,0.04,0.18,0.18,0.58,0.0,0.0,0.601,92917.0,0.62,0.03,0.20707978419826656,0.18734684965698387,35.24388748513674,45.4375
San Pedro,6640.0,0.18,0.05,0.41,0.44,14.5,125.0,0.63,57508.0,0.44,0.06,0.192760293028313,0.18059124672944968,35.6576205988356,42.3585770723593
Santa Clarita,2745.0,0.12,0.05,0.21,0.69,2.2,34.0,0.479,88987.0,0.73,0.02,0.21136302776000432,0.14925533926734758,32.64817793670916,47.71712863744135
Santa Fe Springs,2014.0,0.13,0.04,0.72,0.19,,,0.44799999999999995,60445.0,0.63,0.03,0.11418341117141356,0.0841806987442971,38.39713955777677,47.28434859291418
Santa Monica,9817.0,0.13,0.07,0.14,0.71,,,0.465,69013.0,0.3,0.04,0.15762187574638747,0.14781679328301023,34.993280024680544,42.3721388479758
Sawtelle,13319.0,0.11,0.2,0.23,0.5,12.9,50.0,0.659,57710.0,0.2,0.03,0.11791550841151353,0.10355458522939782,36.722092787682335,44.65757075177659
Sepulveda Basin,,,,,,,,,,,,0.3786450567846013,0.2630000554078014,33.67813776058457,44.37141683661908
Shadow Hills,1023.0,0.09,0.07,0.29,0.59,9.1,13.0,0.562,82796.0,0.78,0.01,0.24929994446425716,0.16285351437513332,31.08552087777304,45.50858108288592
Sherman Oaks,6687.0,0.13,0.06,0.12,0.74,8.7,57.0,0.434,69651.0,0.41,0.04,0.2152642548430746,0.16731784176339617,35.55101822179162,45.219676348857156
Sierra Madre,3563.0,0.06,0.05,0.1,0.8,,,0.353,88008.0,0.63,0.01,0.24628232681711773,0.2061676272821029,31.94315975790796,44.24613880324312
Signal Hill,4171.0,0.25,0.19,0.29,0.36,,,0.737,66283.0,0.46,0.11,0.11111168627554871,0.08866746089092077,37.71886179013266,43.89882992994485
Silver Lake,11266.0,0.16,0.18,0.42,0.34,11.2,37.0,0.6759999999999999,54339.0,0.36,0.03,0.3661899156066536,0.2969057266026327,34.80140044031311,44.35833537181996
South Diamond Bar,,,,,,,,,,,,0.3425334248939269,0.1721145333229767,29.770403236020517,44.369743841428665
Southeast Antelope Valley,27.0,0.08,0.02,0.16,0.76,1.9,1.0,0.39299999999999996,70134.0,0.82,0.02,0.2070936592381966,0.15886816447718513,28.448764877992843,44.29157991872946
South El Monte,7150.0,0.17,0.08,0.86,0.05,9.6,20.0,0.248,46912.0,0.5,0.0,0.10898605292810827,0.09613434696316978,38.68126138822458,48.0402583757547
South Gate,12945.0,0.17,0.01,0.92,0.06,,,0.147,48312.0,0.47,0.01,0.14835356974069813,0.10776882216607338,38.90095286141847,46.71268474306503
South Park,21638.0,0.28,0.0,0.79,0.01,59.7,196.0,0.345,29518.0,0.28,0.19,0.09504165540990644,0.07991752823287986,39.44094549384178,47.45841972748815
South Park,21638.0,0.28,0.0,0.79,0.01,29518.0,,0.345,29518.0,0.28,0.19,0.09504165540990644,0.07991752823287986,39.44094549384178,47.45841972748815
South Pasadena,7114.0,0.13,0.26,0.16,0.5,,,0.6509999999999999,76229.0,0.44,0.03,0.22193006891378925,0.18006449927781012,34.50027865847617,44.93212905144217
South San Gabriel,5708.0,0.16,0.41,0.48,0.08,4.9,4.0,0.59,64827.0,0.67,0.01,0.2537048611111111,0.18017723253038195,35.51563194444444,45.98465625
South San Jose Hills,13646.0,0.11,0.06,0.83,0.07,0.0,0.0,0.304,65527.0,0.79,0.02,0.16329804443844528,0.1336939856558084,37.506161680282624,48.02627729011929
South Whittier,10291.0,0.15,0.03,0.7,0.24,3.8,21.0,0.457,64670.0,0.65,0.01,0.18055003706786096,0.14311886685342254,37.46769274305119,46.571948497044396
Stevenson Ranch,2765.0,0.05,0.14,0.13,0.65,5.8,5.0,0.534,122833.0,0.84,0.02,0.23120675696025736,0.18981076438304254,33.653949772294006,46.92370737073708
Studio City,5395.0,0.11,0.05,0.09,0.78,13.7,51.0,0.37799999999999995,75657.0,0.44,0.04,0.21960656073064044,0.1706926995425722,34.06657162838238,44.62195384367099
Sunland,3825.0,0.1,0.07,0.22,0.65,14.6,24.0,0.526,68720.0,0.69,0.02,0.21474700185532905,0.16326416857985146,33.264619098712444,46.717513164599964
Sun Valley,8048.0,0.14,0.08,0.69,0.18,14.3,117.0,0.479,51290.0,0.54,0.02,0.11718381579424675,0.09096761873628342,37.34394384590271,48.35333366258396
Sun Village,917.0,0.13,0.01,0.39,0.47,1.1,1.0,0.619,56175.0,0.78,0.11,0.22992484611069794,0.14462173471604772,32.18108224420898,48.53865184294872
Sylmar,5579.0,0.15,0.03,0.7,0.21,14.2,113.0,0.466,65783.0,0.71,0.04,0.18359651809494304,0.1379422479648217,34.19862244618503,47.705493311749166
Tarzana,4038.0,0.12,0.05,0.15,0.71,21.4,81.0,0.47100000000000003,73195.0,0.59,0.04,0.23909194821241309,0.18814545975623373,35.01840505689983,44.62051384244498
Temple City,8366.0,0.11,0.39,0.2,0.38,3.0,10.0,0.665,65965.0,0.63,0.01,0.16661292013955104,0.14258704309554834,37.96332846003899,47.472964795311704
Toluca Lake,6393.0,0.1,0.05,0.14,0.72,16.4,14.0,0.457,73111.0,0.38,0.05,0.21683096820716963,0.18435604085064713,35.67549386920981,45.18520521117166
Topanga,386.0,0.06,0.04,0.05,0.88,0.0,0.0,0.22699999999999998,120319.0,0.76,0.01,0.30615642051118863,0.2117411695788012,29.752890623609208,42.104309884238646
Torrance,6701.0,0.1,0.29,0.13,0.52,,,0.628,76866.0,0.56,0.02,0.14957614654783957,0.12051139643988135,36.46900816101737,44.218520002002705
Tujunga,2649.0,0.14,0.07,0.26,0.61,8.8,25.0,0.557,58001.0,0.55,0.02,0.23548950295124693,0.18678898784047934,30.305434893704007,45.27503577756576
Tujunga Canyons,11.0,0.11,0.02,0.15,0.77,,,0.384,85625.0,0.87,0.03,0.23407013972468782,0.19486015777794494,27.525202346923425,46.06197744244437
Unincorporated Catalina Island,2.0,0.15,0.01,0.36,0.61,,,0.495,56295.0,0.0,0.0,0.0,0.0,0.0,0.0
Unincorporated Santa Monica Mountains,100.0,0.08,0.06,0.06,0.83,0.0,0.0,0.309,132997.0,0.75,0.02,0.3477455908472454,0.18833653049855242,30.011294543289953,43.47892348104512
Unincorporated Santa Susana Mountains,58.0,0.08,0.19,0.17,0.58,11.0,5.0,0.602,93825.0,0.62,0.03,0.285008269709256,0.16609020809775651,29.254574773736245,46.87922066827143
Universal City,,,,,,,,,,,,0.16452166290487472,0.13255111919030288,33.50086544093039,44.39135709504686
University Park,20217.0,0.2,0.16,0.48,0.26,27.0,68.0,0.6759999999999999,18533.0,0.08,0.07,0.1148360999557974,0.09637322880299813,37.44058855816297,45.60567232939822
University Park,20217.0,0.2,0.16,0.48,0.26,18533.0,,0.6759999999999999,18533.0,0.08,0.07,0.1148360999557974,0.09637322880299813,37.44058855816297,45.60567232939822
Valinda,10748.0,0.1,0.13,0.7,0.12,3.2,7.0,0.48200000000000004,70037.0,0.78,0.04,0.18527285351979628,0.1479682502477103,37.59454061935272,47.70747841282895
Valley Glen,12325.0,0.16,0.05,0.45,0.4,16.1,101.0,0.632,46175.0,0.37,0.04,0.14808246177532386,0.12211178892811637,38.417949670843065,47.78783778596653
Valley Village,11600.0,0.16,0.04,0.19,0.67,11.3,29.0,0.512,55470.0,0.31,0.06,0.16069448077136908,0.13676515567192807,37.293652959728284,46.847658778317154
Val Verde,2588.0,0.08,0.01,0.5,0.38,0.0,0.0,0.602,68073.0,0.73,0.07,0.25634124543931747,0.15488835175832114,32.448703342013886,48.968007144764954
Van Nuys,11542.0,0.21,0.06,0.61,0.23,24.7,273.0,0.5710000000000001,41134.0,0.26,0.06,0.1469287375098708,0.10565436637196979,39.18588493301873,48.13756415739949
Van Nuys,11542.0,0.21,0.06,0.61,0.23,41134.0,,0.5710000000000001,41134.0,0.26,0.06,0.1469287375098708,0.10565436637196979,39.18588493301873,48.13756415739949
Venice,11891.0,0.14,0.04,0.22,0.64,34.2,140.0,0.534,67647.0,0.31,0.05,0.17003971915941019,0.20052926851224614,34.26802720193623,41.487523676733666
Vermont Knolls,18057.0,0.34,0.01,0.55,0.01,110.4,238.0,0.521,27730.0,0.28,0.43,0.10671103675410433,0.08370833127003796,38.751999189268865,47.04977704893868
Vermont Knolls,18057.0,0.34,0.01,0.55,0.01,27730.0,,0.521,27730.0,0.28,0.43,0.10671103675410433,0.08370833127003796,38.751999189268865,47.04977704893868
Vermont-Slauson,18577.0,0.25,0.0,0.61,0.01,99.7,283.0,0.498,31236.0,0.39,0.37,0.10262605398962955,0.08210123659906293,38.99742015997197,47.22039204810836
Vermont-Slauson,18577.0,0.25,0.0,0.61,0.01,31236.0,,0.498,31236.0,0.39,0.37,0.10262605398962955,0.08210123659906293,38.99742015997197,47.22039204810836
Vermont Square,17798.0,0.27,0.01,0.57,0.01,69.6,331.0,0.527,29904.0,0.37,0.39,0.11822816491350073,0.09154106900832833,39.080196638599304,47.36155940924886
Vermont Square,17798.0,0.27,0.01,0.57,0.01,29904.0,,0.527,29904.0,0.37,0.39,0.11822816491350073,0.09154106900832833,39.080196638599304,47.36155940924886
Vermont Vista,14154.0,0.28,0.01,0.52,0.01,122.9,306.0,0.526,31272.0,0.4,0.45,0.12623833051693986,0.08985983156690411,37.95766633476307,46.472949857026144
Vermont Vista,14154.0,0.28,0.01,0.52,0.01,31272.0,,0.526,31272.0,0.4,0.45,0.12623833051693986,0.08985983156690411,37.95766633476307,46.472949857026144
Vernon,18.0,0.0,0.0,0.93,0.02,,,0.14,81279.0,0.16,0.0,0.10934600013152697,0.08330938593538348,40.418183872425594,48.07525663602783
Veterans Administration,683.0,0.63,0.0,0.07,0.46,,,0.5920000000000001,60561.0,0.0,0.44,0.24057996712055152,0.19580890774389165,33.87610105347026,42.83588493714589
View Park-Windsor Hills,6008.0,0.1,0.02,0.03,0.05,7.2,8.0,0.24600000000000002,81214.0,0.76,0.87,0.1862606748566436,0.13697230103997013,36.53134613644589,45.380635292254794
Vincent,10163.0,0.18,0.09,0.6,0.25,2.7,4.0,0.574,66221.0,0.68,0.04,0.16533875719415905,0.13330206857553953,37.473377364644485,47.83698901935203
Walnut,3329.0,0.06,0.56,0.19,0.19,1.3,4.0,0.612,106893.0,0.89,0.04,0.23300310342225408,0.16607688354266498,33.552970418443195,45.73400915383743
Walnut Park,22028.0,0.14,0.01,0.95,0.04,6.8,11.0,0.08900000000000001,48750.0,0.54,0.0,0.11944774354484416,0.09792735321557595,39.870510057471265,47.33767130857648
Watts,17346.0,0.39,0.0,0.62,0.01,67.5,277.0,0.48200000000000004,25161.0,0.33,0.37,0.1340665865670606,0.10210553280593175,38.95303577093909,46.80391718352417
Watts,17346.0,0.39,0.0,0.62,0.01,25161.0,,0.48200000000000004,25161.0,0.33,0.37,0.1340665865670606,0.10210553280593175,38.95303577093909,46.80391718352417
West Adams,14686.0,0.22,0.02,0.56,0.02,41.1,94.0,0.541,38209.0,0.37,0.38,0.12717349389335508,0.1070315492053983,37.56345921407691,46.06471357094671
West Adams,14686.0,0.22,0.02,0.56,0.02,38209.0,,0.541,38209.0,0.37,0.38,0.12717349389335508,0.1070315492053983,37.56345921407691,46.06471357094671
West Carson,9219.0,0.1,0.26,0.3,0.29,4.3,9.0,0.748,66805.0,0.75,0.11,0.11219273276657797,0.09145629019616419,37.842094965380085,46.09594136711844
Westchester,3839.0,0.15,0.1,0.17,0.52,17.9,77.0,0.66,77473.0,0.52,0.17,0.15107763468398788,0.11172051037753346,35.88288451824725,43.91723228943049
West Compton,3291.0,0.21,0.02,0.36,0.02,7.3,4.0,0.539,48093.0,0.71,0.58,0.08823900809834259,0.07451394194250344,39.47782052588667,47.654058141919606
West Covina,6509.0,0.12,0.23,0.46,0.23,,,0.682,71898.0,0.67,0.06,0.19797791119494076,0.15617461579539954,35.62430025043668,46.399407967855005
West Hills,4551.0,0.07,0.11,0.11,0.71,6.8,28.0,0.47,103008.0,0.87,0.03,0.21018837273930854,0.16274977088641587,35.2435601518785,46.67424577190375
West Hollywood,18924.0,0.1,0.04,0.09,0.81,17.1,61.0,0.33,52855.0,0.22,0.03,0.12346932093302408,0.11977674696180556,36.8080078125,44.997998046875
Westlake,38214.0,0.25,0.17,0.73,0.05,40.8,480.0,0.43,26757.0,0.05,0.04,0.10590322314210199,0.09531501276576104,37.900501399253734,46.76487687032419
Westlake,38214.0,0.25,0.17,0.73,0.05,26757.0,,0.43,26757.0,0.05,0.04,0.10590322314210199,0.09531501276576104,37.900501399253734,46.76487687032419
Westlake Village,1534.0,0.05,0.06,0.05,0.86,3.5,3.0,0.261,126550.0,0.87,0.01,0.4591835558275154,0.33070677211302213,33.69830931263858,44.82595350444819
West Los Angeles,12061.0,0.06,0.11,0.05,0.77,9.6,13.0,0.39299999999999996,86403.0,0.49,0.02,0.15536268702093162,0.13834236193003144,35.85932832154088,44.10278596698113
Westmont,17066.0,0.36,0.01,0.39,0.01,41.3,130.0,0.514,31572.0,0.32,0.58,0.13379352902369096,0.0972086075148139,38.55176696557318,47.18725779560202
Westmont,17066.0,0.36,0.01,0.39,0.01,31572.0,,0.514,31572.0,0.32,0.58,0.13379352902369096,0.0972086075148139,38.55176696557318,47.18725779560202
West Puente Valley,12855.0,0.1,0.09,0.81,0.08,1.3,3.0,0.33399999999999996,64809.0,0.77,0.02,0.17092612092391304,0.13768036684782609,38.49400543478261,48.37830811824207
West San Dimas,937.0,0.04,0.16,0.2,0.6,0.0,0.0,0.581,125984.0,0.87,0.03,0.2890419699928977,0.21408612337979405,30.53181463068182,43.18517045454546
West Whittier-Los Nietos,9899.0,0.12,0.01,0.82,0.14,3.1,8.0,0.307,61504.0,0.71,0.01,0.17958037613989172,0.13662447003323142,37.60611816650025,46.75665408137793
Westwood,13036.0,0.05,0.23,0.07,0.63,8.5,44.0,0.5429999999999999,68716.0,0.36,0.02,0.20887084255975572,0.18555184330312127,34.10312013016775,42.680403592072665
Whittier,5688.0,0.15,0.04,0.56,0.37,,,0.5479999999999999,66891.0,0.58,0.01,0.2191088760231727,0.1642844275997233,34.695449043117364,44.8080058190551
Whittier Narrows,,,,,,,,,,,,0.3940243934355837,0.2811661892903276,32.12024117079264,44.51750114246544
Willowbrook,9117.0,0.25,0.01,0.53,0.01,13.4,46.0,0.523,38224.0,0.52,0.44,0.15017012425329387,0.11149190312360428,38.055739169271995,46.46028773922375
Willowbrook,9117.0,0.25,0.01,0.53,0.01,38224.0,,0.523,38224.0,0.52,0.44,0.15017012425329387,0.11149190312360428,38.055739169271995,46.46028773922375
Wilmington,5636.0,0.19,0.03,0.87,0.06,24.6,134.0,0.245,40627.0,0.39,0.03,0.1467878863899991,0.12787225478626885,36.79732175670709,43.76672179345829
Wilmington,5636.0,0.19,0.03,0.87,0.06,40627.0,,0.245,40627.0,0.39,0.03,0.1467878863899991,0.12787225478626885,36.79732175670709,43.76672179345829
Windsor Square,8255.0,0.1,0.42,0.15,0.38,16.1,10.0,0.6609999999999999,61767.0,0.41,0.04,0.21071703551857715,0.17279687583650727,35.15573375550661,43.5321065834557
Winnetka,9826.0,0.13,0.16,0.41,0.36,13.9,76.0,0.6779999999999999,62535.0,0.52,0.04,0.16643127828558194,0.14126700232131084,37.294005238400686,47.52356513327601
Woodland Hills,4040.0,0.09,0.07,0.08,0.78,16.7,106.0,0.374,89946.0,0.63,0.03,0.2163853306204608,0.17094288438362878,35.36291969278604,45.77003376804844
